name,shop,amenity,leisure,cuisine,latitude,longitude
Tesco Express,convenience,,,,53.3441179,-6.2616881
Merrion Square Park,,,park,,53.3396767,-6.2491708
Wilton Park,,,park,,53.3337861,-6.2487012
Stephen's Green Shopping Centre,mall,,,,53.3400145,-6.2623738
St Stephen's Green,,,park,,53.3380841,-6.2590612
Dublin Dental University Hospital,,hospital,,,53.3422523,-6.2520441
Pearse Square,,,park,,53.3435026,-6.2421382
The Old Dining Hall,,restaurant,,regional,53.3449927,-6.2575804
Fitzwilliam Square,,,park,,53.3354001,-6.2519936
Dubh Linn Garden,,,park,,53.3424305,-6.2667628
Spar,convenience,,,,53.3403818,-6.2428959
KC Peaches,,cafe,,,53.3423266,-6.2401682
3FE,,cafe,,coffee_shop,53.3399601,-6.2419899
Gloria Osteria,,restaurant,,italian,53.3454491,-6.2587631
Elizabeth O'Farrell Park,,,park,,53.3464502,-6.2482631
Ne Zha,,restaurant,,chinese,53.3364806,-6.2657351
The Vintage Kitchen,,restaurant,,,53.3469239,-6.2557689
Starbucks,,cafe,,coffee_shop,53.3473518,-6.2557982
Hunan Spicy,,restaurant,,chinese,53.3464194,-6.2587391
McCabe's Deli,,cafe,,,53.3458245,-6.2553588
Noble House,,restaurant,,chinese;thai,53.3439836,-6.2650605
Kathmandu Kitchen,,restaurant,,nepalese;indian,53.3439832,-6.2649581
chiya,,restaurant,,turkish;kebab,53.3443458,-6.2659671
Busyfeet & Coco Cafe,,cafe,,burger;coffee;beer;sandwich;soup,53.3410909,-6.2630852
Caffè Nero,,cafe,,coffee_shop,53.3402677,-6.2613445
Dada,,restaurant,,moroccan,53.3412654,-6.2628402
Handsome Burger,,restaurant,,burger,53.341159,-6.2627329
Peruke & Periwig,,restaurant,,,53.3400886,-6.2587781
NLI (HR),,cafe,,,53.3416381,-6.2545712
Darwins,,restaurant,,,53.3413069,-6.265659
It's a trap,,cafe,,,53.3413531,-6.2655974
Café Sol,,cafe,,,53.3413424,-6.2516987
Prices Medical Hall,,pharmacy,,,53.3414678,-6.2521838
Hugo's,,restaurant,,,53.338498,-6.254426
Spar,convenience,,,,53.3384091,-6.2540604
Caffè Nero,,cafe,,coffee_shop,53.3384714,-6.2543187
Restaurant Patrick Guilbaud,,restaurant,,,53.3383502,-6.2528733
Bambino,,restaurant,,pizza,53.3381587,-6.2532854
Vice,,restaurant,,pizza;wings,53.3417378,-6.2505611
Cafe Sol,,cafe,,coffee_shop,53.3418439,-6.250453
CoffeeAngel,,cafe,,coffee_shop,53.3393449,-6.246059
Tesco,supermarket,,,,53.3380224,-6.2516053
Sanai,,restaurant,,nepalese,53.3378807,-6.2515417
Café Sol,,cafe,,coffee_shop,53.336725,-6.2484889
Spar,convenience,,,,53.3366543,-6.2483899
Café Boulevard,,cafe,,,53.3375481,-6.2516946
Bon Espresso & News,convenience,,,,53.3376638,-6.2522262
Spar,convenience,,,,53.3377093,-6.2523365
Gotham Cafe,,restaurant,,pizza,53.341235,-6.2595485
Bewley's Café,,cafe,,coffee_shop,53.3417105,-6.2603609
Chai Yo,,restaurant,,teppenyaki,53.3357414,-6.2478092
Bennett & Nolan,,cafe,,,53.3364461,-6.2488323
,,restaurant,,,53.3452946,-6.2616436
Mongolian Barbeque,,restaurant,,mongolian_grill,53.344999,-6.2619526
Sweet Nosh,,cafe,,italian,53.3407584,-6.2615656
Hawksmoor,,restaurant,,steak_house,53.3440609,-6.2600657
Café Jago's,,cafe,,,53.3372887,-6.2421003
Ka Shing,,restaurant,,chinese,53.3430745,-6.2607589
Lisboa Pastelaria,,cafe,,sandwich;portuguese,53.343182,-6.2618052
Trocadero,,restaurant,,,53.3433788,-6.2617234
Salamanca,,restaurant,,tapas,53.3434039,-6.2614771
Drury Buildings,,restaurant,,,53.3419246,-6.2634042
City Pharmacy,,pharmacy,,,53.343986,-6.2653682
Maneki,,restaurant,,japanese,53.3408829,-6.258606
Milano,,restaurant,,pizza;_italian,53.3406395,-6.2590756
37 Dawson Street,,restaurant,,,53.3405533,-6.2589116
Beanhive,,cafe,,,53.3398284,-6.2588709
Featherblade,,restaurant,,,53.3417193,-6.2583854
Marco Pierre White,,restaurant,,steak_house,53.3415914,-6.2584484
Carluccio’s,,restaurant,,italian,53.34191,-6.2583616
The Greenhouse,,restaurant,,,53.3400032,-6.2583646
Sprout & Co,,restaurant,,mediterranean,53.342471,-6.2576226
Costa,,cafe,,coffee_shop,53.3426891,-6.2575762
Carluccio's,,restaurant,,italian,53.341955,-6.2585276
Hickey's Pharmacy,,pharmacy,,,53.3418998,-6.2598286
Boots,,pharmacy,,,53.3424782,-6.2591425
Coffeeangel,,cafe,,coffee_shop,53.3411241,-6.2587797
Yamamori South City,,restaurant,,japanese,53.3428301,-6.2646422
Lemon,,cafe,,,53.3429299,-6.2618925
Jewel in the Crown,,restaurant,,,53.3428384,-6.2622638
Dakota,,restaurant,,,53.3426874,-6.2624913
Alfie's,,restaurant,,,53.3426213,-6.2625474
SOLE,,restaurant,,seafood,53.3420645,-6.2628408
Insomnia,,cafe,,coffee_shop,53.3400221,-6.2601693
Taste Food Company,,restaurant,,,53.3410075,-6.2631442
Keogh's Cafe,,cafe,,,53.3440435,-6.2621534
Number 1 Shop,convenience,,,,53.3436581,-6.2617144
Cafe 1920,,restaurant,,,53.3460248,-6.2594448
Circle K,convenience,,,,53.346636,-6.259364
Butlers Chocolate Café,,cafe,,cafe;chocolate,53.3429828,-6.2618998
Metro Cafe,,cafe,,,53.3412261,-6.2629584
The Millstone,,restaurant,,,53.3440813,-6.2626808
The Cedar Tree,,restaurant,,lebanese,53.3432546,-6.2620974
,,restaurant,,,53.3433079,-6.2620947
Iveagh Gardens,,,park,,53.3352725,-6.2608653
FIRE Steakhouse and Restaurant,,restaurant,,steak_house,53.3405101,-6.2577072
Royal Victoria Eye and Ear Hospital,,hospital,,,53.3328193,-6.2556569
La Gondola,,restaurant,,italian,53.3457882,-6.2619477
Bang,,restaurant,,,53.3383498,-6.2548339
Etto,,restaurant,,,53.3381188,-6.2539264
Cirillos,,restaurant,,pizza,53.337788,-6.2526357
Thunder Road Cafe,,restaurant,,,53.3456174,-6.2612215
The Joy of Chá,,cafe,,,53.3451923,-6.2661036
Insomnia,,cafe,,coffee_shop,53.3420059,-6.2527361
The Larder Restaurant & Brewhouse,,cafe,,local,53.3445689,-6.2671239
1900,,restaurant,,,53.3343568,-6.2627468
Fresh,supermarket,,,,53.3432408,-6.2388322
Centra,supermarket,,,,53.3432637,-6.2441791
Montys Of Kathmandu,,restaurant,,nepalese,53.3444756,-6.2646063
Java Republic,,cafe,,coffee_shop,53.3410087,-6.2570748
Note,,restaurant,,,53.3414659,-6.248312
Red Torch Ginger,,restaurant,,thai,53.343453,-6.2620402
Royal Hibernian Way,mall,,,,53.3414051,-6.2588242
Madame Pho,,restaurant,,vietnamese,53.3431117,-6.2635746
Bittersweet Cafe,,cafe,,breakfast,53.3437282,-6.2689206
The Market Bar,,restaurant,,tapas,53.3420622,-6.2640639
Chimney Park,,,park,,53.3449829,-6.239365
,,,park,,53.3426656,-6.2522371
,,,park,,53.3426154,-6.2519251
,,restaurant,,,53.3455917,-6.2644292
Milano,,restaurant,,pizza,53.3455565,-6.2647479
The Temple Bar Pharmacy,,pharmacy,,,53.3455821,-6.2644952
Diep Le Shaker,,restaurant,,thai,53.3365613,-6.2516856
Il Caffé di Napoli,,restaurant,,italian,53.3426331,-6.2498017
One Pico,,restaurant,,,53.3405799,-6.2573287
The Space Between,,,fitness_centre,,53.3413566,-6.2488154
The National Maternity Hospital,,hospital,,,53.3401458,-6.2457854
Forno 500,,restaurant,,italian;pizza,53.3442981,-6.2662917
Fallon & Byrne,supermarket,restaurant,,sandwich,53.343118,-6.2632917
La Maison,,restaurant,,,53.3423029,-6.2629206
Smokin Bones,,restaurant,,,53.3424,-6.262826
L'Gueuleton,,restaurant,,french,53.3419302,-6.2643415
Town Bar and Grill,,restaurant,,,53.3396287,-6.2561537
Credo,,restaurant,,pizza,53.3364581,-6.2641608
Green Bench Café,,cafe,,sandwich,53.3364622,-6.2640278
Wishbone,,restaurant,,chicken,53.3364689,-6.2637935
La Peniche,,restaurant,,french,53.3334254,-6.2481124
Spar,convenience,,,,53.3446387,-6.2672615
Three Story,,restaurant,,,53.3397909,-6.259489
Super Asia,supermarket,,,,53.3406175,-6.2658406
Brasserie Sixty6,,restaurant,,,53.3425623,-6.2647453
Café Amore,,cafe,,coffee_shop;wine_bar;pizza,53.3422265,-6.2650527
Spar,convenience,,,,53.3440194,-6.2646888
doolally,,restaurant,,indian,53.3318178,-6.2649446
Gallagher's Boxty House,,restaurant,,,53.3456973,-6.2621275
Yamamori Izakaya,,restaurant,,japanese,53.3433143,-6.2642339
Dollars,,restaurant,,american,53.3431063,-6.2642212
Acapulco,,restaurant,,mexican,53.3436104,-6.2642538
Bear Markt Coffee,,cafe,,coffee_shop,53.3438151,-6.2642572
Lombard Pharmacy,,pharmacy,,,53.3443586,-6.2493456
Stage Door,,cafe,,,53.3452169,-6.2659194
Falafel and Kebab,,restaurant,,falafel,53.3452048,-6.2660061
Al Vesuvio,,restaurant,,italian,53.3448713,-6.2651292
FXB Steakhouse,,restaurant,,,53.3372963,-6.2518677
Bear Mrkt,,cafe,,coffee_shop,53.3374287,-6.2517168
Dax,,restaurant,,,53.3348107,-6.2545351
The Bald Barista,,cafe,,coffee_shop,53.3405159,-6.2658571
Chez Max,,restaurant,,french,53.3376039,-6.2518051
Old Bank Café,,cafe,,,53.3325667,-6.2528203
Voilà,,cafe,,,53.3379145,-6.2520063
Gala,convenience,,,,53.3409845,-6.2452313
Chapter and Verse,convenience,,,,53.3359339,-6.2570563
Bagel Factory,,cafe,,,53.3360607,-6.2568011
Itsa,,cafe,,bagel,53.3386612,-6.2518181
,,cafe,,,53.344813,-6.2664581
Eden,,restaurant,,,53.3449807,-6.2656383
Blazing Salads,,cafe,,,53.342526,-6.2630075
Buzz,,cafe,,,53.3456051,-6.2640403
Centra,convenience,,,,53.3312256,-6.2610005
Nomo Ramen,,restaurant,,ramen,53.3337956,-6.2644324
Off Beat Donut Co,,cafe,,,53.3363395,-6.2652198
Fresh,supermarket,,,,53.3362914,-6.2651967
Cafe Bliss,,restaurant,,,53.3365382,-6.2648548
The Green,,restaurant,,,53.3373869,-6.2628815
Saagar,,restaurant,,indian,53.3363253,-6.2634876
McGuinness Traditional Takeaway,,restaurant,,,53.3358673,-6.2657693
Dunnes Stores,supermarket,,,,53.3427823,-6.2640267
,,cafe,,,53.3414382,-6.2528001
Astons,,cafe,,,53.3365569,-6.2489511
Dunne & Crescenzi,,restaurant,,italian,53.3422791,-6.2566543
,,,park,,53.3443178,-6.256084
,,,park,,53.3436363,-6.2523186
Tesco Express,convenience,,,,53.3341228,-6.2650193
,,restaurant,,,53.3368362,-6.2632507
Chez Max,,restaurant,,french,53.3438383,-6.2662912
Morton's The Steakhouse,,restaurant,,steak_house,53.3333672,-6.2618948
Café Sol,,cafe,,,53.3342249,-6.2628658
Mad Egg,,restaurant,,chicken,53.3337802,-6.2646383
The Iveagh Restaurant,,restaurant,,,53.3334025,-6.2642218
Rotana Café,,restaurant,,lebanese,53.3305315,-6.2641364
One Bistro,,restaurant,,steak;burger,53.3305854,-6.2641451
Bus Stop Newsagents,convenience,,,,53.3401408,-6.2608691
The Art of Coffee,,cafe,,,53.3421633,-6.2387419
Mamma Mia,,restaurant,,italian,53.3394653,-6.2437763
Meltdown Dublin,,cafe,,,53.3365769,-6.2636765
Gerry's,,restaurant,,irish,53.3365683,-6.2646128
Goose on the Loose,,cafe,,,53.3375179,-6.266031
Il Fornaio,,cafe,,italian,53.3413126,-6.2584527
,,cafe,,,53.3397209,-6.258549
The Buttery Food Court,,restaurant,,regional,53.3449821,-6.2573794
Taste at Rustic,,restaurant,,,53.3428831,-6.2641927
Piccola Sicilia,,restaurant,,italian,53.3429182,-6.2448557
Peploe's Wine Bistro,,restaurant,,,53.3394577,-6.2582493
,,restaurant,,,53.3392152,-6.2572875
Urban Picnic,,restaurant,,,53.3424255,-6.2640325
Butlers Chocolate Café,,cafe,,chocolate,53.3400789,-6.2605489
Supernatural Food Market,supermarket,,,,53.342661,-6.2421308
3fe Gertrude,,cafe,,,53.3429296,-6.2436927
The Art Of Coffee,,cafe,,,53.3462774,-6.2437133
Bow Lane,,restaurant,,,53.3402229,-6.2655698
O'Briens,,cafe,,sandwich,53.3404898,-6.2432249
,,pharmacy,,,53.3405508,-6.2433465
Dobbins,,restaurant,,,53.3382001,-6.2453105
TGI Fridays,,restaurant,,american,53.3459878,-6.2595599
Sapporo Grill,,restaurant,,,53.3435985,-6.2461277
Bao Bun,,restaurant,,,53.3411813,-6.2653297
Tesco Express,convenience,,,,53.3456697,-6.2601578
herbstreet,,restaurant,,,53.3443182,-6.2377581
Cafe Topolis,,restaurant,,,53.3443453,-6.2674601
Wall & Keogh,,cafe,,tea_shop,53.3312016,-6.2647297
Starbucks,,cafe,,coffee_shop,53.336734,-6.2431211
Pickle,,restaurant,,indian,53.3339782,-6.265015
World Gate Cafe,,cafe,,,53.3335796,-6.2653294
Insomnia,,cafe,,coffee_shop,53.3357489,-6.2572862
Café Sol,,cafe,,coffee_shop,53.3357869,-6.2572373
Luigi Malones,,restaurant,,italian,53.3451449,-6.263513
Del Fino,,cafe,,,53.3351651,-6.2649771
Caffè Nero,,cafe,,coffee_shop,53.3355573,-6.2649423
Neon,,restaurant,,asian,53.335377,-6.2649966
Hang Dai,,restaurant,,chinese,53.3352108,-6.264995
Mercado,,restaurant,,,53.3416892,-6.2627003
Tutty's Corner Shop,convenience,,,,53.3391128,-6.264223
Mr French,,cafe,,coffee_shop,53.3435387,-6.2446257
Boulevard Cafe,,restaurant,,,53.3431275,-6.2627877
Bad Ass Cafe,,restaurant,,burger;pizza,53.3453086,-6.2629347
Starbucks,,cafe,,coffee_shop,53.3444882,-6.2612337
Brady's Pharmacy,,pharmacy,,,53.3327772,-6.2650375
Spar,convenience,,,,53.3324609,-6.2646559
Spar,convenience,,,,53.337778,-6.2415179
Cappuccino Bar,,cafe,,,53.3449608,-6.2636799
Baxter & Greene,,cafe,,coffee_shop,53.3328318,-6.2635503
Bottega Toffoli,,restaurant,,pizza,53.3433784,-6.2692011
Petit Cafe,,cafe,,coffee_shop,53.340573,-6.2555984
The Perch,,cafe,,sandwich,53.3433475,-6.2572551
Evergreen,greengrocer,,,,53.3370952,-6.2657757
Little Canton,,restaurant,,chinese,53.3412721,-6.2648794
SoBo,,cafe,,coffee_shop,53.3435998,-6.2489489
Il Caffé Di Napoli,,cafe,,italian,53.3413231,-6.2468749
Clement & Pekoe,,cafe,,,53.3415548,-6.2628064
Hard Rock Cafe,,restaurant,,american,53.3458205,-6.2607228
West Wood Club,,,fitness_centre,,53.3462897,-6.2605896
Good World Restaurant,,restaurant,,chinese,53.3428318,-6.2642249
Gate Newsagent,convenience,,,,53.3437491,-6.268817
Silk Road Cafe,,restaurant,,mediterranean,53.3422878,-6.2674266
Fade Street Social,,restaurant,,,53.3418336,-6.2639536
The Pig & Heifer,,cafe,,coffee_shop,53.3433595,-6.2461907
FXB Butcher,,restaurant,,steak_house,53.3373195,-6.2518535
F.X. Buckley,,restaurant,,steak_house,53.34459,-6.2639304
% Arabica,,cafe,,coffee_shop,53.3434993,-6.247102
SuperValu,supermarket,,,,53.3465035,-6.260352
Bóbó's,,restaurant,,burger,53.3443118,-6.263958
Circle K,convenience,,,,53.3444305,-6.2616568
Costa,,cafe,,coffee_shop,53.3444464,-6.2615176
Eatokyo,,restaurant,,japanese,53.3460215,-6.2626194
Las Tapas de Lola,,restaurant,,tapas,53.3369851,-6.2653328
Starbucks,,cafe,,coffee_shop,53.3329221,-6.2623232
Peacock Green & Co.,,cafe,,,53.34359,-6.269695
Agave,,restaurant,,,53.3437082,-6.2690269
Bunsen,,restaurant,,pizza,53.3443038,-6.2641961
Gallaher & Co. Bistro,,restaurant,,,53.3459935,-6.2571938
Colm's Deli,convenience,,,,53.3454552,-6.2494819
Caffè Nero,,cafe,,coffee_shop,53.3457255,-6.2619455
Elephant & Castle,,restaurant,,,53.3456774,-6.2624194
Cleaver East,,restaurant,,,53.3451517,-6.2665757
The Pearse Brasserie,,restaurant,,,53.3432121,-6.2435542
Indie Dhaba,,restaurant,,indian,53.3408939,-6.2594698
O'Briens,,cafe,,sandwich,53.336324,-6.2485735
Suesey Street,,restaurant,,,53.3326516,-6.2528775
Pufferbellys,,cafe,,,53.3365417,-6.2488836
Bagel Factory,,restaurant,,,53.3363411,-6.2486164
Chili Club,,restaurant,,thai,53.3408955,-6.2596281
5ive Coffee Shop and Sandwich House,,cafe,,,53.346917,-6.2558761
The Pig's Ear,,restaurant,,,53.3421617,-6.2549962
O'Briens,,cafe,,sandwich,53.3421624,-6.2550835
KC Peaches,,cafe,,regional,53.3442784,-6.2643271
Centra,convenience,,,,53.3442855,-6.2645168
Frank and Honest Coffee,,cafe,,coffee_shop,53.344286,-6.2645776
Zakura,,restaurant,,sushi,53.3369336,-6.265388
Brick Alley,,cafe,,,53.3454224,-6.2645044
Boots,,pharmacy,,,53.3376583,-6.2520449
Corfu,,restaurant,,greek,53.3447428,-6.2672897
Pitt Bros,,restaurant,,barbecue,53.3435344,-6.2646731
Peaches,,cafe,,regional,53.338736,-6.255283
Zizzi,,restaurant,,italian,53.343496,-6.2602694
The Counter,,restaurant,,burger,53.3433983,-6.2600017
Tolteca,,restaurant,,mexican,53.3434241,-6.2600816
Pacino's,,restaurant,,italian,53.3433419,-6.2598486
Centra,convenience,,,,53.3429123,-6.2605598
The Old Storehouse,,restaurant,,regional,53.345219,-6.2627029
Spar,convenience,,,,53.3441749,-6.2597506
Le Perroquet,,restaurant,,french,53.3430848,-6.2611917
Cornucopia,,restaurant,,soup;salad;ice_cream,53.3431012,-6.2614298
The Pig & Heifer,,restaurant,,,53.3469238,-6.2496745
Asia Market,supermarket,,,,53.342023,-6.2636804
CrossFit,,,fitness_centre,,53.3346472,-6.2655416
Roma II,,restaurant,,burger,53.336808,-6.2656673
Keogh's Cafe,,cafe,,coffee_shop,53.3441102,-6.2622185
Pichet,,restaurant,,,53.3438429,-6.262327
Starbucks,,cafe,,coffee_shop,53.3461424,-6.2588959
Mini India,convenience,,,,53.3462898,-6.2589143
Viva,,restaurant,,spanish,53.3308162,-6.2641839
Makkah Halal Foods Ltd.,convenience,,,,53.3309331,-6.2642245
Richmond Stop,convenience,,,,53.3311517,-6.2642929
Richmond,,restaurant,,,53.3311003,-6.2646933
Chopped,,cafe,,salad,53.3328669,-6.265088
Damascus Gate,,restaurant,,coffee_shop;lebanese;syrian,53.3329154,-6.265102
Delahunt,,cafe,,coffee_shop,53.3342861,-6.2650662
Centra,convenience,,,,53.3343398,-6.2650454
Camden Rotisserie,,restaurant,,chicken,53.3344042,-6.2650444
Passion 4 Food,,restaurant,,,53.3350181,-6.2649772
Mama Yo,,restaurant,,,53.3353064,-6.2654149
Dumpling Shop,,restaurant,,,53.3352601,-6.2654186
Dime Coffee co.,,cafe,,,53.3352192,-6.2654219
Diwali,,restaurant,,,53.3353711,-6.2654097
D2 Bubble Tea,,cafe,,bubble_tea;hot_dog,53.3387558,-6.2658796
All Season Grocery,convenience,,,,53.3390711,-6.2658141
Morrocco Gaze 2,,cafe,,coffee,53.3397998,-6.2656157
Smokey Brew,,cafe,,coffee_shop,53.3398927,-6.2655916
Lucky Tortoise Dumpling Company,,restaurant,,chinese,53.3409085,-6.2653899
Uno Mas,,restaurant,,,53.3411393,-6.26534
Boss Stop,,restaurant,,asian,53.3423031,-6.2644091
D1,,restaurant,,,53.3434063,-6.2646759
echelon indoor cycling studio,,,fitness_centre,,53.3461108,-6.257988
The Terrace Kitchen & Social House,,restaurant,,,53.334817,-6.2575719
O'Briens,,cafe,,sandwich,53.3360343,-6.2567689
Cocu Kitchen,,restaurant,,,53.3337524,-6.2624872
Brewbaker Cafe,,cafe,,cafe;sandwich,53.3423241,-6.256337
Hong Kong Wonton,,restaurant,,chinese,53.3420321,-6.2639699
First Chapter,,cafe,,coffee_shop,53.3420173,-6.2638998
The Bull & Castle Steakhouse,,restaurant,,steak_house,53.3434497,-6.2699281
Il Fornaio,,cafe,,coffee_shop,53.3441232,-6.2620738
Toscana,,restaurant,,italian,53.3441588,-6.2675829
Dalang Korean Restaurant,,restaurant,,korean;japanese,53.3442744,-6.2655032
Hellfire,,restaurant,,woodfired_food,53.3457189,-6.2594801
The Art of Coffee,,cafe,,coffee_shop,53.3326536,-6.2621214
Caffè Nero,,cafe,,coffee_shop,53.3399869,-6.2587572
Áras an Phiarsaigh Coffee Area,,cafe,,coffee,53.3448157,-6.2551581
The 1592 Restaurant,,restaurant,,,53.3448696,-6.2577088
Costa,,cafe,,coffee_shop,53.3426066,-6.2505519
IFI Café Bar,,restaurant,,,53.344568,-6.2651338
All Rosey Coffee,,cafe,,,53.3406016,-6.263171
O'Donovan,convenience,cafe,,,53.3441495,-6.2488493
Spar,convenience,,,,53.346598,-6.2581114
il Valentino,bakery,cafe,,,53.3426047,-6.2390303
Gallery Quay Pharmacy,,pharmacy,,,53.3427648,-6.24016
The Green Hen,,restaurant,,,53.3431239,-6.2624106
Tesco Express,convenience,,,,53.3433929,-6.2465521
D2 Coffee House,,cafe,,coffee_shop,53.3473608,-6.2552145
Bunsen,,restaurant,,burger,53.3455805,-6.2643164
,,cafe,,,53.3437433,-6.2664276
Cafe 28,,cafe,,,53.3440535,-6.2642601
Coppa Cafe,,cafe,,,53.336961,-6.2547017
The Polo Room,,restaurant,,,53.34053,-6.2573319
Tiffins,,cafe,,sandwich,53.3407281,-6.2572579
The Jazz Cafe,,restaurant,,,53.3458317,-6.2626097
Luca Pacioli Cafe,,cafe,,,53.3443881,-6.248244
Frayne's,,cafe,,coffee_shop,53.3428753,-6.2498679
Trinity Pharmacy,,pharmacy,,,53.3426258,-6.2500177
Eurospar,supermarket,,,,53.3452417,-6.246415
Camile,,restaurant,,thai,53.3442825,-6.2493876
Monto Cafe,,restaurant,,italian;irish,53.3329827,-6.2651214
sushi&co,,cafe,,japanese,53.3457948,-6.2549991
Tabi's Grill,,restaurant,,barbecue,53.3452113,-6.262924
Pho Ta,,restaurant,,vietnamese,53.3449807,-6.2625399
Osteria Lucio,,restaurant,,italian,53.3401093,-6.2392364
Spar,convenience,,,,53.3442349,-6.2364194
Herb Street,,restaurant,,,53.3443454,-6.2376773
Milano,,restaurant,,,53.3442893,-6.2370417
Lolly and Cooks,,cafe,,,53.3446688,-6.2384981
Kaph,,cafe,,,53.3425924,-6.2633012
Medley,,cafe,,,53.345974,-6.2581786
The Exchange,,restaurant,,,53.3454404,-6.2585675
Oscar's Bar & Kitchen,,restaurant,,,53.3413604,-6.2508823
Honest Pizza,,restaurant,,,53.3434277,-6.2639252
Umi Falafel,,cafe,,falafel,53.3440395,-6.2655397
Happy Food,,cafe,,,53.335037,-6.264169
Ebb and Flow,,cafe,,,53.3350284,-6.2654409
Oolong Cafe,,cafe,,coffee_shop,53.3412559,-6.2646367
KC Peaches Cafe and Catering,,cafe,,cafe,53.3426253,-6.2572755
Kokoro Bento - The Ramen Bar,,restaurant,,,53.3415914,-6.2627803
The Hungry Mexican,,restaurant,,mexican,53.3462843,-6.2614066
Fallon & Byrne,,cafe,,,53.3431212,-6.2631869
Ray's,,restaurant,,,53.3445506,-6.2634448
Offbeat Donut Co,,cafe,,fast_food,53.3442725,-6.2365788
Rosa Madre,,restaurant,,italian,53.3447956,-6.2639135
Avoca Café,,cafe,,,53.3435216,-6.2598797
San Lorenzo's,,restaurant,,italian,53.3432925,-6.2646784
Best Seller,,cafe,,coffee_shop,53.3407863,-6.2585879
Hatch and Sons,,restaurant,,,53.3395107,-6.2584317
El Bahia,,restaurant,,kebab,53.3427983,-6.2608029
Industry & Co,,cafe,,,53.342566,-6.2629714
Aperitivo,,restaurant,,pizza;sandwich,53.3444519,-6.2671813
Calimero Café,,cafe,,italian,53.3439745,-6.2340143
Ku Raudo Sushi & Bento,,restaurant,,sushi,53.3458262,-6.2557784
The Port House Pintxo,,restaurant,,tapas,53.3451108,-6.2650119
,,cafe,,,53.3419913,-6.2514197
Dublin Pizza Company,,restaurant,,pizza,53.3390019,-6.2658266
Bao House,,restaurant,,chinese,53.3389023,-6.2658503
Shoe Lane Coffee,,cafe,,,53.3471648,-6.2552509
Sumaki,,restaurant,,,53.3443978,-6.2674689
The Pepper Pot,,cafe,,,53.342377,-6.261907
The Quay's Irish Restaurant,,restaurant,,irish,53.3456424,-6.2630923
The bean box coffee co,,cafe,,coffee_shop,53.3395492,-6.2660959
Tang,,cafe,,mediterranean,53.3396223,-6.2585786
Indigo & Cloth - Café,,cafe,,,53.3451605,-6.2664819
Il Vicoletto,,restaurant,,,53.3445885,-6.2637005
Beef & Lobster,,restaurant,,,53.3441756,-6.2674339
Dollard & Co.,,restaurant,,pizza;burger,53.3453161,-6.26718
Staple Foods,,cafe,,,53.3397962,-6.243558
Kilkenny Cafe and Restaurant,,cafe,,cafe;irish;european;coffee_shop;seafood;sandwich,53.3422203,-6.2554274
Le Petit Parisien,,cafe,,,53.3423066,-6.2622452
Gurman's Tea and Coffee World,,cafe,,,53.3400452,-6.261527
The Shack Restaurant,,restaurant,,irish,53.3454338,-6.2644019
Dubray Cafe,,cafe,,,53.3409954,-6.2604771
Morelands Grill,,restaurant,,steak_house,53.3457148,-6.2588869
Convenience shop,convenience,,,,53.3436612,-6.2617368
Chewbrew,vacant,restaurant,,tea,53.341134,-6.2656605
Bear Mrkt,,cafe,,coffee_shop,53.342501,-6.2500492
Frank and Honest,,cafe,,coffee_shop,53.3465286,-6.2602302
Pablo Picante,,restaurant,,mexican,53.3464639,-6.2605775
Riverside,convenience,,,,53.3462075,-6.2617509
Coffee Angel,,cafe,,coffee_shop,53.3439677,-6.2621444
Coffee Angel,,cafe,,coffee_shop,53.3419563,-6.254063
Coffee Angel,,cafe,,coffee_shop,53.3367901,-6.2518955
Starbucks,,cafe,,coffee_shop,53.3460681,-6.2624046
Nando's,,restaurant,,chicken;portuguese,53.3432778,-6.2620833
Flyefit,,,fitness_centre,,53.3423703,-6.2647815
,,cafe,,coffee_shop,53.3453727,-6.266622
Grain & Grill Restaurant,,restaurant,,regional;pizza;burger;seasonal;irish;steak;pasta,53.3434641,-6.2436456
Red Bean Roastery,,cafe,,coffee_shop;sandwich;coffee;tea;pastry,53.343498,-6.2436333
Bloody Mary's,,cafe,,,53.3427065,-6.2622785
Brewbaker Cafe,,cafe,,,53.3419802,-6.2541528
"Roberta's Restaurant, Bar & Terrace",,restaurant,,,53.3450765,-6.2673155
McCauley Chemist,,pharmacy,,,53.3313954,-6.2618788
Diwali,,restaurant,,indian,53.3429088,-6.2646867
Brookwood,,restaurant,,steak_house,53.3378448,-6.2527069
Full Moon,,restaurant,,,53.3447969,-6.267304
Le Pain Quotidien,,cafe,,coffee_shop,53.3413411,-6.2576936
Pearl Brasserie,,restaurant,,,53.3383139,-6.2531219
M&S Cafe,,cafe,,,53.342097,-6.2596964
The Ivy,,restaurant,,british,53.3414179,-6.258002
The Seafood Cafe,,restaurant,,seafood,53.344976,-6.2634527
BIG FAN,,restaurant,,bao,53.3403244,-6.2655632
Bunsen,,restaurant,,burger,53.3412427,-6.2599918
Spar,convenience,,,,53.337366,-6.2658345
777,,restaurant,,,53.3431749,-6.2646809
PI,,restaurant,,pizza,53.3435104,-6.2646742
Mexico to Rome,,restaurant,,mexian;italian,53.3457261,-6.2643978
Centra,convenience,,,,53.3459442,-6.2631153
Frank and Honest Coffee,,cafe,,coffee_shop,53.3459485,-6.2630838
Emer's Kitchen,,cafe,,coffee_shop,53.3360083,-6.2567397
Gerard's,,cafe,,,53.3358387,-6.2568956
Glas,,restaurant,,,53.3409927,-6.2619538
Network,,cafe,,,53.3386474,-6.2659087
Circle K,convenience,,,,53.3401919,-6.2605756
Circle K,convenience,,,,53.3423657,-6.2560377
Sophie's,,restaurant,,,53.3351955,-6.263567
The Right Place,,cafe,,coffee_shop,53.3439496,-6.2670481
Platform 61,,restaurant,,,53.3416209,-6.2632029
Echelon Indoor Cycling Studio,,,fitness_centre,,53.3461436,-6.2580395
Dollard & Co.,supermarket,,,,53.3453272,-6.2670645
Shawarma,,restaurant,,shawarma;oriental,53.3442715,-6.2653366
The Grayson,,restaurant,,,53.3383171,-6.2552559
Sano Pizza,,restaurant,,pizza,53.3442866,-6.2678432
Eathos,,cafe,,,53.3380137,-6.2525502
Bread 41,,cafe,,,53.3447401,-6.2516538
Boef,,restaurant,,steak_house,53.3427872,-6.2619703
Aleena,,restaurant,,indian,53.3446217,-6.2643693
Le Centre-Ville,,cafe,,,53.339931,-6.2620284
Caffè Nero,,cafe,,coffee_shop,53.3426949,-6.2389879
Smoking Bones,,restaurant,,,53.3451821,-6.2655907
Dublin Pizza Company,,restaurant,,pizza,53.3396628,-6.2614028
V,,restaurant,,,53.3444951,-6.2668974
The Port House,,restaurant,,,53.3428336,-6.2619703
Spice of India,,restaurant,,indian,53.342761,-6.2622533
Pink,,restaurant,,,53.3412415,-6.2633199
The Punnet Food Emporium,,cafe,,,53.3383803,-6.2423577
Starbucks,,cafe,,coffee_shop,53.3407559,-6.2613124
Nutty Delights,convenience,,,,53.3425939,-6.26389
Tiller and Grain,,cafe,,,53.3422549,-6.2563822
As One,,cafe,,,53.3470802,-6.250755
Coppinger Row,,restaurant,,,53.3420126,-6.2620774
As One,,restaurant,,,53.3468977,-6.2507468
Life Pharmacy Hanover Quay,,pharmacy,,,53.3451341,-6.2383931
Chai Yo,,restaurant,,japanese;thai,53.3357667,-6.2477778
Isabelle's Restaurant & Bar,,restaurant,,,53.3411564,-6.2590704
Banyi,,restaurant,,japanese,53.3458978,-6.2619449
Picado,,restaurant,,,53.331143,-6.2647122
Lidl,supermarket,,,,53.3407888,-6.2657741
Cafesora,,cafe,,sandwich;coffee_shop,53.3454629,-6.2334129
Flyefit,,,fitness_centre,,53.3439176,-6.2412295
Catch 22,,restaurant,,,53.3410858,-6.262519
Gursha,,restaurant,,african;ethiopian,53.3468905,-6.2558817
Staple Foods,,restaurant,,salad;sandwich;coffee_shop,53.344653,-6.2347757
Le Rendez-vous,,cafe,,,53.3472214,-6.2569258
Sprout & Co,,restaurant,,,53.3464449,-6.2433384
Sweet Churro,,cafe,,churros;pancakes,53.344148,-6.2676786
Klaw Seafood Cafe,,cafe,,,53.3449396,-6.2634525
Cloud Picker Coffee,,cafe,,coffee_shop,53.3443897,-6.2499216
Loose Canon Cheese & Wine,,restaurant,,,53.3424753,-6.2633788
Perch Coffee,,cafe,,,53.3323851,-6.253364
Bites by Kwanghi,,restaurant,,,53.3452741,-6.2309501
Starbucks,,cafe,,coffee_shop,53.333517,-6.2539257
Cafe Tri Via,,cafe,,,53.3418788,-6.2506343
Gerards,,cafe,,,53.3465569,-6.2446892
Honey Truffle,,cafe,,coffee_shop,53.3441336,-6.2487684
Steam Cafe,,cafe,,,53.3418464,-6.2492664
Junior Common Room,,cafe,,coffee_shop,53.3432422,-6.2507724
Mister Magpie,,cafe,,,53.3359778,-6.2571684
Chapter & Verse,convenience,,,,53.3358225,-6.2572213
Insomnia,,cafe,,coffee_shop,53.3365157,-6.2563031
Mister S,,restaurant,,steak_house;grill,53.3346183,-6.265
Tesco Express,convenience,,,,53.3314638,-6.2632759
The Port House Cava,,restaurant,,,53.3351416,-6.2650163
Ninja Sushi,,restaurant,,sushi,53.3443777,-6.248921
The Lennan,,restaurant,,seafood,53.3398971,-6.2583906
Café Sol,,cafe,,,53.3341395,-6.2556151
Pizza Prince,,restaurant,,pizza,53.3451671,-6.2629161
White Rabbit Café,,cafe,,sandwich;coffee_shop,53.3419533,-6.2539548
Bah33°,,restaurant,,,53.3414945,-6.258855
Asahi Asian Street Food,,restaurant,,asian,53.3309288,-6.2611988
Mercer,,pharmacy,,,53.3411301,-6.2635677
The Salt Cellar,,cafe,,,53.3372157,-6.2445841
The Old Mill,,restaurant,,irish,53.3456622,-6.2630155
Zampas,,restaurant,,,53.3440509,-6.2684126
Department of Agriculture Canteen,,restaurant,,,53.3391538,-6.2546852
Amy Austin,,restaurant,,,53.3415557,-6.2639441
Carved,,cafe,,sandwich,53.3447088,-6.2423759
Tang,,restaurant,,lebanese,53.3417119,-6.248506
Spar,convenience,,,,53.3406924,-6.2632179
Sister Suesey,,cafe,,coffee_shop,53.3324236,-6.2526586
Centra,convenience,,,,53.3428541,-6.2498758
La Pausa Caffe,,cafe,,italian,53.3452482,-6.2481452
,,cafe,,,53.3413929,-6.2588249
Alto,,cafe,,coffee_shop;sandwich,53.342482,-6.2643489
The Music Cafe,,cafe,,,53.3452848,-6.2674307
Toast,,restaurant,,,53.3458701,-6.2601077
,,cafe,,bubble_tea,53.3452807,-6.2619681
The Oliver St. John Gogarty Restaurant,,restaurant,,,53.3453288,-6.2616735
Fat Phill's,,restaurant,,,53.3449821,-6.2628894
The Quays Restaurant,,restaurant,,irish,53.3456647,-6.2633244
,,restaurant,,,53.3457527,-6.2633614
,,cafe,,,53.3451869,-6.263217
Dolce Sicily,,restaurant,,italian,53.3450125,-6.2643269
,,restaurant,,,53.3446631,-6.2639252
Toca Tapioca House,,cafe,,,53.3456309,-6.2608981
Honest to Goodness,,restaurant,,,53.3434292,-6.2638485
Juantinos,,cafe,,,53.3427661,-6.2632028
Rei Momo,,cafe,,brazilian,53.341811,-6.2634896
Drury Buildings Restaurant,,restaurant,,,53.3418969,-6.2634662
XL,convenience,,,,53.3429823,-6.2616774
Balfes,,restaurant,,,53.3414259,-6.2613519
Bodybyrne Fitness,,,fitness_centre,,53.3416597,-6.2617933
Underdog Boxing Gym,,,fitness_centre,,53.3415987,-6.2618437
Butlers Chocolate Café,,cafe,,chocolate;coffee_shop,53.3407951,-6.2615515
Póg,,cafe,,,53.3456553,-6.2550037
Bextreme,,,fitness_centre,,53.3456362,-6.2553366
Ashtanga Yoga,,,fitness_centre,,53.3372067,-6.2506385
UniYoga Dublin,,,fitness_centre,,53.3378149,-6.2513803
Spartan Boxing Fitness,,,fitness_centre,,53.3357909,-6.2470426
FLYEfit Fitness Baggot Street,,,fitness_centre,,53.3379306,-6.2517749
The Pat Henry Fitness Centre,,,fitness_centre,,53.3366289,-6.2525208
The Movement Hub,,,fitness_centre,,53.3356268,-6.2475986
Six Hour Fitness,,,fitness_centre,,53.3345674,-6.2517451
FFS Gym Leeson St,,,fitness_centre,,53.332867,-6.2538991
Power Gym Harcourt St,,,fitness_centre,,53.3352172,-6.2635213
Icon Health Club,,,fitness_centre,,53.3365223,-6.2656558
Bextreme Fitness,,,fitness_centre,,53.3388135,-6.2446804
Markievicz Leisure Centre,,,fitness_centre,,53.3460416,-6.2542357
Little Pyg,,restaurant,,pizza,53.3422104,-6.2619901
,,cafe,,coffee_shop,53.3407268,-6.2519123
Yogahub Camden,,,fitness_centre,,53.3347178,-6.2645762
Form School,,,fitness_centre,,53.3394357,-6.2435947
Yoga Dublin Docklands,,,fitness_centre,,53.3452921,-6.2409304
Eathos three,,restaurant,,,53.3365463,-6.2482664
Captain Americas,,restaurant,,american,53.3404665,-6.2606181
,,,fitness_centre,,53.3424229,-6.2397949
Copper + Straw,,cafe,,,53.3465426,-6.2601429
Sushie,,restaurant,,sushi,53.3452108,-6.2630012
Tesco Express,convenience,,,,53.3458311,-6.2512517
The Saucy Cow,,restaurant,,,53.3443889,-6.2668479
Hyderabadi Kitchen,,restaurant,,indian,53.3328379,-6.2647272
Square Dish,,restaurant,,pizza,53.3391104,-6.2568438
The Mercantile,,restaurant,,,53.3439163,-6.2641184
Starbucks,,cafe,,coffee_shop,53.343084,-6.2593044
Val's Pizza,,restaurant,,,53.3402885,-6.2655388
Masa,,restaurant,,mexican,53.3413427,-6.2641865
Little Dumpling,,restaurant,,chinese,53.3412429,-6.2645583
Bell Burritos,,restaurant,,mexican,53.3374403,-6.265495
Café Sofia,,restaurant,,fry,53.3373116,-6.2654846
Nana's Tea,,cafe,,bubble_tea,53.3372625,-6.2655334
La Caverna,,restaurant,,italian,53.3451086,-6.2632752
Díon,,restaurant,,,53.3446605,-6.263048
Coffee Angel,,cafe,,coffee_shop,53.3381248,-6.2538511
Zakura,,restaurant,,asian,53.3378484,-6.2516112
Koi,,restaurant,,noodle,53.3379513,-6.2531586
Table 45,,restaurant,,mexican,53.3408905,-6.2448769
Mantle,,cafe,,coffee_shop,53.3452237,-6.2619579
Masa Camden St,,restaurant,,mexican,53.3352602,-6.2650048
House of Read,,cafe,,,53.3443678,-6.2671622
La Cave,,restaurant,,french,53.3410558,-6.2597358
