Statistic Label,Year,Number of Bedrooms,Property Type,Location,UNIT,VALUE
RTB Average Monthly Rent Report,2025,One bed,Apartment,"I.F.S.C., Dublin 1",Euro,1850.83
RTB Average Monthly Rent Report,2025,One bed,Apartment,"Parnell Street, Dublin 1",Euro,1712.67
RTB Average Monthly Rent Report,2025,One bed,Apartment,"Summerhill, Dublin 1",Euro,1485.0
RTB Average Monthly Rent Report,2025,One bed,Apartment,"Pearse Street, Dublin 2",Euro,1675.56
RTB Average Monthly Rent Report,2025,One bed,Apartment,"Townsend Street, Dublin 2",Euro,1917.32
RTB Average Monthly Rent Report,2025,One bed,Apartment,"Clonliffe, Dublin 3",Euro,1575.85
RTB Average Monthly Rent Report,2025,One bed,Apartment,"Clontarf, Dublin 3",Euro,1631.59
RTB Average Monthly Rent Report,2025,One bed,Apartment,"Drumcondra, Dublin 3",Euro,1520.82
RTB Average Monthly Rent Report,2025,One bed,Apartment,"East Wall, Dublin 3",Euro,1612.72
RTB Average Monthly Rent Report,2025,One bed,Apartment,"Fairview, Dublin 3",Euro,1586.9
RTB Average Monthly Rent Report,2025,One bed,Apartment,"Ballsbridge, Dublin 4",Euro,1810.27
RTB Average Monthly Rent Report,2025,One bed,Apartment,"Donnybrook, Dublin 4",Euro,1790.69
RTB Average Monthly Rent Report,2025,One bed,Apartment,"Merrion, Dublin 4",Euro,1878.87
RTB Average Monthly Rent Report,2025,One bed,Apartment,"Sandymount, Dublin 4",Euro,1882.05
RTB Average Monthly Rent Report,2025,One bed,Apartment,"Raheny, Dublin 5",Euro,1567.2
RTB Average Monthly Rent Report,2025,One bed,Apartment,"Harolds Cross, Dublin 6",Euro,1756.09
RTB Average Monthly Rent Report,2025,One bed,Apartment,"Milltown, Dublin 6",Euro,1863.65
RTB Average Monthly Rent Report,2025,One bed,Apartment,"Ranelagh, Dublin 6",Euro,1734.22
RTB Average Monthly Rent Report,2025,One bed,Apartment,"Rathgar, Dublin 6",Euro,1571.14
RTB Average Monthly Rent Report,2025,One bed,Apartment,"Rathmines, Dublin 6",Euro,1578.83
RTB Average Monthly Rent Report,2025,One bed,Apartment,"Terenure, Dublin 6W",Euro,1708.49
RTB Average Monthly Rent Report,2025,One bed,Apartment,"Cabra, Dublin 7",Euro,1378.58
RTB Average Monthly Rent Report,2025,One bed,Apartment,"Smithfield, Dublin 7",Euro,1700.43
RTB Average Monthly Rent Report,2025,One bed,Apartment,"Christchurch, Dublin 8",Euro,1626.36
RTB Average Monthly Rent Report,2025,One bed,Apartment,"Cork Street, Dublin 8",Euro,1695.0
RTB Average Monthly Rent Report,2025,One bed,Apartment,"Inchicore, Dublin 8",Euro,1541.89
RTB Average Monthly Rent Report,2025,One bed,Apartment,"Islandbridge, Dublin 8",Euro,1821.74
RTB Average Monthly Rent Report,2025,One bed,Apartment,"Kilmainham , Dublin 8",Euro,1536.85
RTB Average Monthly Rent Report,2025,One bed,Apartment,"Rialto, Dublin 8",Euro,1555.13
RTB Average Monthly Rent Report,2025,One bed,Apartment,"South Circular Road, Dublin 8",Euro,1571.86
RTB Average Monthly Rent Report,2025,One bed,Apartment,"Glasnevin, Dublin 9",Euro,1572.41
RTB Average Monthly Rent Report,2025,One bed,Apartment,"Santry, Dublin 9",Euro,1717.98
RTB Average Monthly Rent Report,2025,One bed,Apartment,"Finglas, Dublin 11",Euro,1621.09
RTB Average Monthly Rent Report,2025,One bed,Apartment,"Kimmage, Dublin 12",Euro,1524.78
RTB Average Monthly Rent Report,2025,One bed,Apartment,"Clongriffin, Dublin 13",Euro,1610.06
RTB Average Monthly Rent Report,2025,One bed,Apartment,"Churchtown, Dublin 14",Euro,2027.36
RTB Average Monthly Rent Report,2025,One bed,Apartment,"Ashtown, Dublin 15",Euro,1674.78
RTB Average Monthly Rent Report,2025,One bed,Apartment,"Castleknock, Dublin 15",Euro,1567.55
RTB Average Monthly Rent Report,2025,One bed,Apartment,"Royal Canal Park, Dublin 15",Euro,1588.01
RTB Average Monthly Rent Report,2025,One bed,Apartment,"Dundrum, Dublin 16",Euro,2052.77
RTB Average Monthly Rent Report,2025,One bed,Apartment,"Rathfarnham, Dublin 16",Euro,1603.28
RTB Average Monthly Rent Report,2025,One bed,Apartment,"Malahide Road, Dublin 17",Euro,1391.58
RTB Average Monthly Rent Report,2025,One bed,Apartment,"Leopardstown, Dublin 18",Euro,1842.69
RTB Average Monthly Rent Report,2025,One bed,Apartment,"Sandyford, Dublin 18",Euro,2042.0
RTB Average Monthly Rent Report,2025,One bed,Apartment,"Clondalkin, Dublin 22",Euro,1477.29
RTB Average Monthly Rent Report,2025,One bed,Apartment,"Citywest, Dublin 24",Euro,1782.82
RTB Average Monthly Rent Report,2025,One bed,Apartment,"Tallaght, Dublin 24",Euro,1427.05
